[Header],,,,,,,,,,
Local Run Manager Analysis Id,51051,,,,,,,,,
Experiment Name,mtNG25-002,,,,,,,,,
Date,25.03.2025,,,,,,,,,
Module,GenerateFASTQ - 3.0.1,,,,,,,,,
Workflow,GenerateFASTQ,,,,,,,,,
Library Prep Kit,Custom,,,,,,,,,
Index Kit,Custom,,,,,,,,,
Description,,,,,,,,,,
Chemistry,Amplicon,,,,,,,,,
,,,,,,,,,,
[Reads],,,,,,,,,,
251,,,,,,,,,,
251,,,,,,,,,,
[Settings],,,,,,,,,,
adapter,GCGAATTTCGACGATCGTTGCATTAACTCGCGAA,,,,,,,,,
adapterRead2,AGATCGGAAGAGCGTCGTGTAGGGAAAGAGTGT,,,,,,,,,
,,,,,,,,,,
[Data],,,,,,,,,,
Sample_ID,Sample_Name,Sample_Plate,Sample_Well,Index_Plate_Well,I7_Index_ID,index,I5_Index_ID,index2,Sample_Project,Description
V25-0118_E1,V25-0118_E1,,,A8,RP-7057,ATGCCTCTTC,RP-5057,GATAAGGCAA,,
V25-0122_E1,V25-0122_E1,,,B8,RP-7058,GGTAACTACG,RP-5058,TATCCTCAAT,,
Ctr_1_10,Ctr_1_10,,,C8,RP-7059,ATCTAGTTAG,RP-5059,CCAGGCCGCA,,
H2O,H2O,,,D8,RP-7060,TTGACTTCGT,RP-5060,CAAGGCATTC,,
s23-15801_E1,s23-15801_E1,,,E8,RP-7061,GGATTCTCGG,RP-5061,GGACTACTAC,,
s23-15802_E1,s23-15802_E1,,,F8,RP-7062,AACGCAATGG,RP-5062,CAAGTCGACC,,
V25-0101_E1,V25-0101_E1,,,G8,RP-7063,GCGGCGCAAG,RP-5063,ATCATGGCTG,,
s25-03997_E1,s25-03997_E1,,,H8,RP-7064,TGGCTGACCA,RP-5064,CCGTTCGGAT,,
